n,algorithm,duration_s,correct
8,smm,0.000005,1
8,smmr,0.000007,1
8,strassen,0.000048,1
16,smm,0.000021,1
16,smmr,0.000044,1
16,strassen,0.000241,1
24,smm,0.000091,1
24,smmr,0.000343,1
24,strassen,0.001512,1
32,smm,0.000140,1
32,smmr,0.000281,1
32,strassen,0.001362,1
40,smm,0.000300,1
40,smmr,0.002256,1
40,strassen,0.009122,1
48,smm,0.000392,1
48,smmr,0.001942,1
48,strassen,0.007742,1
56,smm,0.000534,1
56,smmr,0.001677,1
56,strassen,0.006821,1
64,smm,0.000700,1
64,smmr,0.001476,1
64,strassen,0.006197,1
72,smm,0.000894,1
72,smmr,0.010211,1
72,strassen,0.031244,1
80,smm,0.000891,1
80,smmr,0.007509,1
80,strassen,0.027030,1
88,smm,0.001099,1
88,smmr,0.007226,1
88,strassen,0.026808,1
96,smm,0.001425,1
96,smmr,0.007210,1
96,strassen,0.026817,1
104,smm,0.001806,1
104,smmr,0.007212,1
104,strassen,0.026576,1
112,smm,0.002248,1
112,smmr,0.007199,1
112,strassen,0.026800,1
120,smm,0.002760,1
120,smmr,0.007203,1
120,strassen,0.026606,1
128,smm,0.003368,1
128,smmr,0.007213,1
128,strassen,0.026810,1
136,smm,0.004007,1
136,smmr,0.057859,1
136,strassen,0.187378,1
144,smm,0.004755,1
144,smmr,0.057639,1
144,strassen,0.187363,1
152,smm,0.005583,1
152,smmr,0.057634,1
152,strassen,0.185754,1
160,smm,0.006506,1
160,smmr,0.057680,1
160,strassen,0.187590,1
168,smm,0.007534,1
168,smmr,0.057622,1
168,strassen,0.187693,1
176,smm,0.008647,1
176,smmr,0.057711,1
176,strassen,0.185754,1
184,smm,0.009872,1
184,smmr,0.057659,1
184,strassen,0.187342,1
192,smm,0.011208,1
192,smmr,0.057801,1
192,strassen,0.185571,1
200,smm,0.012661,1
200,smmr,0.057623,1
200,strassen,0.187364,1
208,smm,0.014234,1
208,smmr,0.057856,1
208,strassen,0.185589,1
216,smm,0.015932,1
216,smmr,0.057678,1
216,strassen,0.187412,1
224,smm,0.017775,1
224,smmr,0.057695,1
224,strassen,0.185782,1
232,smm,0.019744,1
232,smmr,0.057684,1
232,strassen,0.187369,1
240,smm,0.021836,1
240,smmr,0.057715,1
240,strassen,0.187406,1
248,smm,0.024082,1
248,smmr,0.057691,1
248,strassen,0.185734,1
256,smm,0.026489,1
256,smmr,0.057587,1
256,strassen,0.187416,1
264,smm,0.029199,1
264,smmr,0.461891,1
264,strassen,1.299338,1
272,smm,0.031750,1
272,smmr,0.461658,1
272,strassen,1.305754,1
280,smm,0.034660,1
280,smmr,0.461748,1
280,strassen,1.305929,1
288,smm,0.037838,1
288,smmr,0.461721,1
288,strassen,1.312753,1
296,smm,0.041083,1
296,smmr,0.462067,1
296,strassen,1.313300,1
304,smm,0.044571,1
304,smmr,0.461801,1
304,strassen,1.312105,1
312,smm,0.048075,1
312,smmr,0.460767,1
312,strassen,1.304773,1
320,smm,0.051718,1
320,smmr,0.461323,1
320,strassen,1.311892,1
328,smm,0.055650,1
328,smmr,0.461528,1
328,strassen,1.311945,1
336,smm,0.059796,1
336,smmr,0.461351,1
336,strassen,1.312753,1
344,smm,0.064281,1
344,smmr,0.461496,1
344,strassen,1.296679,1
352,smm,0.068933,1
352,smmr,0.461446,1
352,strassen,1.305894,1
360,smm,0.073570,1
360,smmr,0.461530,1
360,strassen,1.312285,1
368,smm,0.078564,1
368,smmr,0.461840,1
368,strassen,1.312575,1
376,smm,0.083762,1
376,smmr,0.462063,1
376,strassen,1.313216,1
384,smm,0.089168,1
384,smmr,0.461085,1
384,strassen,1.302853,1
392,smm,0.094869,1
392,smmr,0.460665,1
392,strassen,1.306591,1
400,smm,0.100792,1
400,smmr,0.462194,1
400,strassen,1.313380,1
408,smm,0.107160,1
408,smmr,0.466914,1
408,strassen,1.316598,1
416,smm,0.115111,1
416,smmr,0.466594,1
416,strassen,1.312407,1
424,smm,0.119843,1
424,smmr,0.461822,1
424,strassen,1.309192,1
432,smm,0.126782,1
432,smmr,0.461511,1
432,strassen,1.311766,1
440,smm,0.133930,1
440,smmr,0.461733,1
440,strassen,1.312984,1
448,smm,0.141337,1
448,smmr,0.461701,1
448,strassen,1.307148,1
456,smm,0.149279,1
456,smmr,0.461908,1
456,strassen,1.315219,1
464,smm,0.157257,1
464,smmr,0.462336,1
464,strassen,1.304920,1
472,smm,0.165413,1
472,smmr,0.461130,1
472,strassen,1.307870,1
480,smm,0.173802,1
480,smmr,0.461989,1
480,strassen,1.302691,1
488,smm,0.182510,1
488,smmr,0.461828,1
488,strassen,1.307717,1
496,smm,0.191932,1
496,smmr,0.461415,1
496,strassen,1.303060,1
504,smm,0.201046,1
504,smmr,0.461485,1
504,strassen,1.305634,1
512,smm,0.210938,1
512,smmr,0.461407,1
512,strassen,1.300660,1
520,smm,0.220734,1
520,smmr,3.706154,1
520,strassen,9.292409,1
528,smm,0.236767,1
528,smmr,3.742011,1
528,strassen,9.188007,1
536,smm,0.242012,1
536,smmr,3.717691,1
536,strassen,9.183525,1
544,smm,0.253236,1
544,smmr,3.702541,1
544,strassen,9.102630,1
552,smm,0.264140,1
552,smmr,3.704621,1
552,strassen,9.186665,1
560,smm,0.276171,1
560,smmr,3.702711,1
560,strassen,9.183957,1
568,smm,0.287622,1
568,smmr,3.705105,1
568,strassen,9.221600,1
576,smm,0.299930,1
576,smmr,3.705730,1
576,strassen,9.189460,1
584,smm,0.312670,1
584,smmr,3.701836,1
584,strassen,9.185366,1
592,smm,0.326033,1
592,smmr,3.702395,1
592,strassen,9.120070,1
600,smm,0.342531,1
600,smmr,3.740165,1
600,strassen,9.253491,1
608,smm,0.356447,1
608,smmr,3.739595,1
608,strassen,9.261233,1
616,smm,0.370933,1
616,smmr,3.740749,1
616,strassen,9.115340,1
624,smm,0.381749,1
624,smmr,3.703650,1
624,strassen,9.187162,1
632,smm,0.395994,1
632,smmr,3.703093,1
632,strassen,9.185939,1
640,smm,0.411165,1
640,smmr,3.702502,1
640,strassen,9.185189,1
648,smm,0.426825,1
648,smmr,3.703774,1
648,strassen,9.186585,1
656,smm,0.445133,1
656,smmr,3.703750,1
656,strassen,9.185808,1
664,smm,0.459101,1
664,smmr,3.709882,1
664,strassen,9.112861,1
672,smm,0.475851,1
672,smmr,3.702877,1
672,strassen,9.185725,1
680,smm,0.493020,1
680,smmr,3.709558,1
680,strassen,9.078918,1
688,smm,0.511885,1
688,smmr,3.703459,1
688,strassen,9.185855,1
696,smm,0.528625,1
696,smmr,3.702267,1
696,strassen,9.187530,1
704,smm,0.547017,1
704,smmr,3.701674,1
704,strassen,9.076947,1
712,smm,0.565897,1
712,smmr,3.703402,1
712,strassen,9.078106,1
720,smm,0.592354,1
720,smmr,3.703045,1
720,strassen,9.186484,1
728,smm,0.604749,1
728,smmr,3.702059,1
728,strassen,9.190628,1
736,smm,0.624870,1
736,smmr,3.702036,1
736,strassen,9.185249,1
744,smm,0.645545,1
744,smmr,3.701450,1
744,strassen,9.119594,1
752,smm,0.667685,1
752,smmr,3.702830,1
752,strassen,9.188152,1
760,smm,0.687969,1
760,smmr,3.701863,1
760,strassen,9.188556,1
768,smm,0.709951,1
768,smmr,3.702715,1
768,strassen,9.187071,1
776,smm,0.732262,1
776,smmr,3.701974,1
776,strassen,9.194562,1
784,smm,0.756503,1
784,smmr,3.702051,1
784,strassen,9.185767,1
792,smm,0.778412,1
792,smmr,3.701328,1
792,strassen,9.187914,1
800,smm,0.802182,1
800,smmr,3.701689,1
800,strassen,9.188654,1
808,smm,0.826522,1
808,smmr,3.701739,1
808,strassen,9.189123,1
816,smm,0.856433,1
816,smmr,3.703627,1
816,strassen,9.926017,1
824,smm,0.924314,1
824,smmr,3.788722,1
824,strassen,9.153513,1
832,smm,0.924374,1
832,smmr,3.706120,1
832,strassen,9.193671,1
840,smm,0.928612,1
840,smmr,3.701309,1
840,strassen,9.188303,1
848,smm,0.956066,1
848,smmr,3.701616,1
848,strassen,9.188314,1
856,smm,0.982840,1
856,smmr,3.701758,1
856,strassen,9.098841,1
864,smm,1.010300,1
864,smmr,3.702159,1
864,strassen,9.151091,1
872,smm,1.038502,1
872,smmr,3.698412,1
872,strassen,9.186889,1
880,smm,1.068418,1
880,smmr,3.704780,1
880,strassen,9.077547,1
888,smm,1.096766,1
888,smmr,3.700038,1
888,strassen,9.187704,1
896,smm,1.126564,1
896,smmr,3.700179,1
896,strassen,9.187760,1
904,smm,1.156982,1
904,smmr,3.701642,1
904,strassen,9.187047,1
912,smm,1.188035,1
912,smmr,3.699111,1
912,strassen,9.187471,1
920,smm,1.220117,1
920,smmr,3.703774,1
920,strassen,9.192836,1
928,smm,1.252509,1
928,smmr,3.702843,1
928,strassen,9.198134,1
936,smm,1.284732,1
936,smmr,3.703223,1
936,strassen,9.109934,1
944,smm,1.317439,1
944,smmr,3.701692,1
944,strassen,9.078744,1
952,smm,1.351100,1
952,smmr,3.701687,1
952,strassen,9.187659,1
960,smm,1.385269,1
960,smmr,3.701074,1
960,strassen,9.189328,1
968,smm,1.420228,1
968,smmr,3.702499,1
968,strassen,9.187826,1
976,smm,1.455741,1
976,smmr,3.701007,1
976,strassen,9.077826,1
984,smm,1.491608,1
984,smmr,3.702807,1
984,strassen,9.186135,1
992,smm,1.528155,1
992,smmr,3.699824,1
992,strassen,9.189384,1
1000,smm,1.565714,1
1000,smmr,3.700886,1
1000,strassen,9.188088,1
1008,smm,1.603792,1
1008,smmr,3.702872,1
1008,strassen,9.075700,1
1016,smm,1.641954,1
1016,smmr,3.702579,1
1016,strassen,9.078342,1
1024,smm,1.684780,1
1024,smmr,3.706395,1
1024,strassen,9.205238,1
8,smm,0.000002,1
8,smmr,0.000003,1
8,strassen,0.000017,1
16,smm,0.000008,1
16,smmr,0.000015,1
16,strassen,0.000084,1
24,smm,0.000026,1
24,smmr,0.000119,1
24,strassen,0.000547,1
32,smm,0.000060,1
32,smmr,0.000121,1
32,strassen,0.000557,1
40,smm,0.000117,1
40,smmr,0.000921,1
40,strassen,0.003821,1
48,smm,0.000196,1
48,smmr,0.000913,1
48,strassen,0.003819,1
56,smm,0.000292,1
56,smmr,0.000902,1
56,strassen,0.003819,1
64,smm,0.000430,1
64,smmr,0.000899,1
64,strassen,0.003820,1
72,smm,0.000608,1
72,smmr,0.007221,1
72,strassen,0.026868,1
80,smm,0.000830,1
80,smmr,0.007217,1
80,strassen,0.026757,1
88,smm,0.001144,1
88,smmr,0.007219,1
88,strassen,0.026772,1
96,smm,0.001444,1
96,smmr,0.007240,1
96,strassen,0.026747,1
104,smm,0.001804,1
104,smmr,0.007199,1
104,strassen,0.026767,1
112,smm,0.002273,1
112,smmr,0.007200,1
112,strassen,0.026786,1
120,smm,0.002763,1
120,smmr,0.007199,1
120,strassen,0.026804,1
128,smm,0.003345,1
128,smmr,0.007195,1
128,strassen,0.026793,1
136,smm,0.004019,1
136,smmr,0.057922,1
136,strassen,0.187874,1
144,smm,0.004754,1
144,smmr,0.057629,1
144,strassen,0.187279,1
152,smm,0.005583,1
152,smmr,0.057606,1
152,strassen,0.187366,1
160,smm,0.006509,1
160,smmr,0.057684,1
160,strassen,0.187369,1
168,smm,0.007524,1
168,smmr,0.057613,1
168,strassen,0.187359,1
176,smm,0.008645,1
176,smmr,0.057654,1
176,strassen,0.187578,1
184,smm,0.009872,1
184,smmr,0.057781,1
184,strassen,0.187353,1
192,smm,0.011210,1
192,smmr,0.057638,1
192,strassen,0.187367,1
200,smm,0.012664,1
200,smmr,0.057643,1
200,strassen,0.187365,1
208,smm,0.014235,1
208,smmr,0.057686,1
208,strassen,0.187292,1
216,smm,0.015934,1
216,smmr,0.057680,1
216,strassen,0.187291,1
224,smm,0.017788,1
224,smmr,0.057734,1
224,strassen,0.187413,1
232,smm,0.019726,1
232,smmr,0.057627,1
232,strassen,0.187298,1
240,smm,0.021836,1
240,smmr,0.057681,1
240,strassen,0.187451,1
248,smm,0.024075,1
248,smmr,0.057618,1
248,strassen,0.187556,1
256,smm,0.026474,1
256,smmr,0.057594,1
256,strassen,0.187384,1
264,smm,0.029149,1
264,smmr,0.461762,1
264,strassen,1.310843,1
272,smm,0.031793,1
272,smmr,0.461609,1
272,strassen,1.304852,1
280,smm,0.034659,1
280,smmr,0.461339,1
280,strassen,1.312100,1
288,smm,0.037877,1
288,smmr,0.461364,1
288,strassen,1.304288,1
296,smm,0.040973,1
296,smmr,0.461374,1
296,strassen,1.296868,1
304,smm,0.044374,1
304,smmr,0.461473,1
304,strassen,1.312567,1
312,smm,0.047898,1
312,smmr,0.461498,1
312,strassen,1.312849,1
320,smm,0.051744,1
320,smmr,0.461355,1
320,strassen,1.305608,1
328,smm,0.055725,1
328,smmr,0.461348,1
328,strassen,1.296814,1
336,smm,0.059800,1
336,smmr,0.461552,1
336,strassen,1.303936,1
344,smm,0.064163,1
344,smmr,0.461279,1
344,strassen,1.304516,1
352,smm,0.068708,1
352,smmr,0.461273,1
352,strassen,1.312688,1
360,smm,0.073487,1
360,smmr,0.462328,1
360,strassen,1.312940,1
368,smm,0.078576,1
368,smmr,0.461767,1
368,strassen,1.302976,1
376,smm,0.083699,1
376,smmr,0.461766,1
376,strassen,1.304146,1
384,smm,0.089133,1
384,smmr,0.461393,1
384,strassen,1.312719,1
392,smm,0.094814,1
392,smmr,0.462457,1
392,strassen,1.303606,1
400,smm,0.100725,1
400,smmr,0.461314,1
400,strassen,1.312840,1
408,smm,0.106847,1
408,smmr,0.460957,1
408,strassen,1.312637,1
416,smm,0.113292,1
416,smmr,0.461208,1
416,strassen,1.312957,1
424,smm,0.119835,1
424,smmr,0.461716,1
424,strassen,1.302978,1
432,smm,0.126809,1
432,smmr,0.461402,1
432,strassen,1.302633,1
440,smm,0.134001,1
440,smmr,0.461480,1
440,strassen,1.302948,1
448,smm,0.141356,1
448,smmr,0.461773,1
448,strassen,1.312871,1
456,smm,0.149061,1
456,smmr,0.461193,1
456,strassen,1.304999,1
464,smm,0.157043,1
464,smmr,0.461219,1
464,strassen,1.313226,1
472,smm,0.165237,1
472,smmr,0.461742,1
472,strassen,1.312900,1
480,smm,0.173787,1
480,smmr,0.460859,1
480,strassen,1.307021,1
488,smm,0.182516,1
488,smmr,0.461475,1
488,strassen,1.313005,1
496,smm,0.191850,1
496,smmr,0.461831,1
496,strassen,1.301787,1
504,smm,0.201084,1
504,smmr,0.461820,1
504,strassen,1.312740,1
512,smm,0.210738,1
512,smmr,0.460759,1
512,strassen,1.296685,1
520,smm,0.220884,1
520,smmr,3.700693,1
520,strassen,9.188855,1
528,smm,0.231210,1
528,smmr,3.702434,1
528,strassen,9.188670,1
536,smm,0.241698,1
536,smmr,3.704117,1
536,strassen,9.081294,1
544,smm,0.252752,1
544,smmr,3.701233,1
544,strassen,9.087442,1
552,smm,0.264021,1
552,smmr,3.700952,1
552,strassen,9.080327,1
560,smm,0.276040,1
560,smmr,3.700407,1
560,strassen,9.186779,1
568,smm,0.287601,1
568,smmr,3.701433,1
568,strassen,9.190638,1
576,smm,0.299914,1
576,smmr,3.701185,1
576,strassen,9.081219,1
584,smm,0.312533,1
584,smmr,3.701203,1
584,strassen,9.081076,1
592,smm,0.325941,1
592,smmr,3.701945,1
592,strassen,9.191854,1
600,smm,0.338848,1
600,smmr,3.702023,1
600,strassen,9.194014,1
608,smm,0.352627,1
608,smmr,3.701986,1
608,strassen,9.079484,1
616,smm,0.366751,1
616,smmr,3.701434,1
616,strassen,9.081686,1
624,smm,0.381734,1
624,smmr,3.702489,1
624,strassen,9.327601,1
632,smm,0.395950,1
632,smmr,3.700446,1
632,strassen,9.080578,1
640,smm,0.411125,1
640,smmr,3.701717,1
640,strassen,9.078880,1
648,smm,0.426770,1
648,smmr,3.701073,1
648,strassen,9.080680,1
656,smm,0.443538,1
656,smmr,3.701551,1
656,strassen,9.187132,1
664,smm,0.459134,1
664,smmr,3.701414,1
664,strassen,9.189554,1
672,smm,0.475867,1
672,smmr,3.701443,1
672,strassen,9.087664,1
680,smm,0.493040,1
680,smmr,3.700889,1
680,strassen,9.190605,1
688,smm,0.511512,1
688,smmr,3.701084,1
688,strassen,9.187395,1
696,smm,0.528576,1
696,smmr,3.700733,1
696,strassen,9.081109,1
704,smm,0.547121,1
704,smmr,3.700840,1
704,strassen,9.189459,1
712,smm,0.565802,1
712,smmr,3.701374,1
712,strassen,9.188566,1
720,smm,0.586141,1
720,smmr,3.701531,1
720,strassen,9.189933,1
728,smm,0.604804,1
728,smmr,3.700727,1
728,strassen,9.190574,1
736,smm,0.624858,1
736,smmr,3.700431,1
736,strassen,9.189478,1
744,smm,0.645536,1
744,smmr,3.703917,1
744,strassen,9.085959,1
752,smm,0.667276,1
752,smmr,3.701810,1
752,strassen,9.190990,1
760,smm,0.687936,1
760,smmr,3.700113,1
760,strassen,9.189442,1
768,smm,0.710028,1
768,smmr,3.700870,1
768,strassen,9.116248,1
776,smm,0.732225,1
776,smmr,3.700527,1
776,strassen,9.187217,1
784,smm,0.756363,1
784,smmr,3.701815,1
784,strassen,9.079452,1
792,smm,0.778443,1
792,smmr,3.700205,1
792,strassen,9.189714,1
800,smm,0.802249,1
800,smmr,3.701667,1
800,strassen,9.188966,1
808,smm,0.826496,1
808,smmr,3.700130,1
808,strassen,9.122207,1
816,smm,0.852720,1
816,smmr,3.709835,1
816,strassen,9.189413,1
824,smm,0.876545,1
824,smmr,3.701035,1
824,strassen,9.163669,1
832,smm,0.902324,1
832,smmr,3.701186,1
832,strassen,9.116797,1
840,smm,0.928634,1
840,smmr,3.700389,1
840,strassen,9.190815,1
848,smm,0.956216,1
848,smmr,3.702085,1
848,strassen,9.189262,1
856,smm,0.982439,1
856,smmr,3.699704,1
856,strassen,9.188726,1
864,smm,1.010289,1
864,smmr,3.701104,1
864,strassen,9.190517,1
872,smm,1.038636,1
872,smmr,3.701236,1
872,strassen,9.081896,1
880,smm,1.067410,1
880,smmr,3.700266,1
880,strassen,9.197220,1
888,smm,1.096827,1
888,smmr,3.700540,1
888,strassen,9.188701,1
896,smm,1.126637,1
896,smmr,3.699753,1
896,strassen,9.190227,1
904,smm,1.157280,1
904,smmr,3.700331,1
904,strassen,9.190127,1
912,smm,1.188096,1
912,smmr,3.700882,1
912,strassen,9.080894,1
920,smm,1.219468,1
920,smmr,3.699773,1
920,strassen,9.188920,1
928,smm,1.251922,1
928,smmr,3.700336,1
928,strassen,9.189271,1
936,smm,1.284242,1
936,smmr,3.700833,1
936,strassen,9.124252,1
944,smm,1.317464,1
944,smmr,3.701116,1
944,strassen,9.081102,1
952,smm,1.351079,1
952,smmr,3.706686,1
952,strassen,9.145749,1
960,smm,1.385762,1
960,smmr,3.701559,1
960,strassen,9.187312,1
968,smm,1.420184,1
968,smmr,3.701101,1
968,strassen,9.123048,1
976,smm,1.455800,1
976,smmr,3.701147,1
976,strassen,9.189187,1
984,smm,1.491828,1
984,smmr,3.701433,1
984,strassen,9.189054,1
992,smm,1.528480,1
992,smmr,3.701394,1
992,strassen,9.079332,1
1000,smm,1.565718,1
1000,smmr,3.700671,1
1000,strassen,9.187571,1
1008,smm,1.603589,1
1008,smmr,3.701642,1
1008,strassen,9.188556,1
1016,smm,1.641994,1
1016,smmr,3.700864,1
1016,strassen,9.197322,1
1024,smm,1.684724,1
1024,smmr,3.700251,1
1024,strassen,9.077639,1
8,smm,0.000001,1
8,smmr,0.000004,1
8,strassen,0.000013,1
16,smm,0.000007,1
16,smmr,0.000014,1
16,strassen,0.000084,1
24,smm,0.000025,1
24,smmr,0.000115,1
24,strassen,0.000544,1
32,smm,0.000059,1
32,smmr,0.000114,1
32,strassen,0.000540,1
40,smm,0.000116,1
40,smmr,0.000920,1
40,strassen,0.003776,1
48,smm,0.000196,1
48,smmr,0.000910,1
48,strassen,0.003772,1
56,smm,0.000291,1
56,smmr,0.000901,1
56,strassen,0.003775,1
64,smm,0.000429,1
64,smmr,0.000899,1
64,strassen,0.003777,1
72,smm,0.000609,1
72,smmr,0.007277,1
72,strassen,0.026826,1
80,smm,0.000830,1
80,smmr,0.007199,1
80,strassen,0.026763,1
88,smm,0.001145,1
88,smmr,0.007233,1
88,strassen,0.026757,1
96,smm,0.001436,1
96,smmr,0.007257,1
96,strassen,0.026470,1
104,smm,0.001804,1
104,smmr,0.007228,1
104,strassen,0.026463,1
112,smm,0.002269,1
112,smmr,0.007201,1
112,strassen,0.026556,1
120,smm,0.002887,1
120,smmr,0.007362,1
120,strassen,0.026494,1
128,smm,0.003374,1
128,smmr,0.007203,1
128,strassen,0.026482,1
136,smm,0.004017,1
136,smmr,0.057685,1
136,strassen,0.187885,1
144,smm,0.004751,1
144,smmr,0.057769,1
144,strassen,0.187456,1
152,smm,0.005582,1
152,smmr,0.057665,1
152,strassen,0.187387,1
160,smm,0.006510,1
160,smmr,0.057729,1
160,strassen,0.187463,1
168,smm,0.007525,1
168,smmr,0.057647,1
168,strassen,0.187367,1
176,smm,0.008645,1
176,smmr,0.057895,1
176,strassen,0.187494,1
184,smm,0.009872,1
184,smmr,0.057662,1
184,strassen,0.187355,1
192,smm,0.011208,1
192,smmr,0.057751,1
192,strassen,0.187389,1
200,smm,0.012674,1
200,smmr,0.057665,1
200,strassen,0.187423,1
208,smm,0.014233,1
208,smmr,0.057663,1
208,strassen,0.185320,1
216,smm,0.015932,1
216,smmr,0.057699,1
216,strassen,0.185200,1
224,smm,0.017771,1
224,smmr,0.057712,1
224,strassen,0.185251,1
232,smm,0.019725,1
232,smmr,0.057632,1
232,strassen,0.185304,1
240,smm,0.021848,1
240,smmr,0.057750,1
240,strassen,0.187519,1
248,smm,0.024077,1
248,smmr,0.057712,1
248,strassen,0.187525,1
256,smm,0.026473,1
256,smmr,0.057626,1
256,strassen,0.187387,1
264,smm,0.029023,1
264,smmr,0.461651,1
264,strassen,1.312980,1
272,smm,0.031796,1
272,smmr,0.461821,1
272,strassen,1.312653,1
280,smm,0.034643,1
280,smmr,0.461378,1
280,strassen,1.312623,1
288,smm,0.037734,1
288,smmr,0.461427,1
288,strassen,1.297700,1
296,smm,0.040970,1
296,smmr,0.461623,1
296,strassen,1.312376,1
304,smm,0.044397,1
304,smmr,0.461470,1
304,strassen,1.297457,1
312,smm,0.047952,1
312,smmr,0.461150,1
312,strassen,1.303819,1
320,smm,0.051688,1
320,smmr,0.461450,1
320,strassen,1.303464,1
328,smm,0.055627,1
328,smmr,0.461328,1
328,strassen,1.296641,1
336,smm,0.059850,1
336,smmr,0.461369,1
336,strassen,1.305494,1
344,smm,0.064173,1
344,smmr,0.461268,1
344,strassen,1.306689,1
352,smm,0.068734,1
352,smmr,0.461336,1
352,strassen,1.297304,1
360,smm,0.073529,1
360,smmr,0.461510,1
360,strassen,1.305803,1
368,smm,0.078469,1
368,smmr,0.461991,1
368,strassen,1.312229,1
376,smm,0.083715,1
376,smmr,0.461295,1
376,strassen,1.307125,1
384,smm,0.089118,1
384,smmr,0.461119,1
384,strassen,1.297138,1
392,smm,0.094759,1
392,smmr,0.461641,1
392,strassen,1.313047,1
400,smm,0.100770,1
400,smmr,0.461420,1
400,strassen,1.312279,1
408,smm,0.106858,1
408,smmr,0.461571,1
408,strassen,1.312895,1
416,smm,0.113277,1
416,smmr,0.460916,1
416,strassen,1.296915,1
424,smm,0.119877,1
424,smmr,0.460939,1
424,strassen,1.312862,1
432,smm,0.126837,1
432,smmr,0.460963,1
432,strassen,1.312450,1
440,smm,0.133950,1
440,smmr,0.461140,1
440,strassen,1.312371,1
448,smm,0.141359,1
448,smmr,0.461964,1
448,strassen,1.296958,1
456,smm,0.149010,1
456,smmr,0.461063,1
456,strassen,1.312137,1
464,smm,0.157063,1
464,smmr,0.461036,1
464,strassen,1.312494,1
472,smm,0.165317,1
472,smmr,0.460952,1
472,strassen,1.307379,1
480,smm,0.173784,1
480,smmr,0.460879,1
480,strassen,1.307122,1
488,smm,0.182622,1
488,smmr,0.461007,1
488,strassen,1.307469,1
496,smm,0.191793,1
496,smmr,0.460879,1
496,strassen,1.313117,1
504,smm,0.201094,1
504,smmr,0.461298,1
504,strassen,1.307720,1
512,smm,0.210766,1
512,smmr,0.461104,1
512,strassen,1.296811,1
520,smm,0.220817,1
520,smmr,3.701026,1
520,strassen,9.186588,1
528,smm,0.231289,1
528,smmr,3.700666,1
528,strassen,9.187331,1
536,smm,0.241812,1
536,smmr,3.703946,1
536,strassen,9.158903,1
544,smm,0.252807,1
544,smmr,3.700862,1
544,strassen,9.189339,1
552,smm,0.264047,1
552,smmr,3.703042,1
552,strassen,9.260574,1
560,smm,0.275987,1
560,smmr,3.701146,1
560,strassen,9.187660,1
568,smm,0.287682,1
568,smmr,3.702150,1
568,strassen,9.189302,1
576,smm,0.299892,1
576,smmr,3.701198,1
576,strassen,9.188962,1
584,smm,0.312554,1
584,smmr,3.705013,1
584,strassen,9.201372,1
592,smm,0.326259,1
592,smmr,3.703037,1
592,strassen,9.088750,1
600,smm,0.338916,1
600,smmr,3.702304,1
600,strassen,9.077872,1
608,smm,0.352536,1
608,smmr,3.701007,1
608,strassen,9.196776,1
616,smm,0.366746,1
616,smmr,3.700658,1
616,strassen,9.079963,1
624,smm,0.381587,1
624,smmr,3.702381,1
624,strassen,9.176860,1
632,smm,0.395943,1
632,smmr,3.702243,1
632,strassen,9.189485,1
640,smm,0.411140,1
640,smmr,3.701841,1
640,strassen,9.189374,1
648,smm,0.426861,1
648,smmr,3.700936,1
648,strassen,9.079250,1
656,smm,0.443575,1
656,smmr,3.701073,1
656,strassen,9.078225,1
664,smm,0.459057,1
664,smmr,3.702020,1
664,strassen,9.189190,1
672,smm,0.475903,1
672,smmr,3.701262,1
672,strassen,9.187938,1
680,smm,0.493017,1
680,smmr,3.701598,1
680,strassen,9.193523,1
688,smm,0.511560,1
688,smmr,3.701231,1
688,strassen,9.079190,1
696,smm,0.528645,1
696,smmr,3.700320,1
696,strassen,9.187747,1
704,smm,0.547021,1
704,smmr,3.701556,1
704,strassen,9.078328,1
712,smm,0.565877,1
712,smmr,3.702306,1
712,strassen,9.186421,1
720,smm,0.585874,1
720,smmr,3.700912,1
720,strassen,9.187100,1
728,smm,0.604819,1
728,smmr,3.700421,1
728,strassen,9.081281,1
736,smm,0.624903,1
736,smmr,3.700643,1
736,strassen,9.187884,1
744,smm,0.645487,1
744,smmr,3.700937,1
744,strassen,9.079785,1
752,smm,0.667900,1
752,smmr,3.701468,1
752,strassen,9.194430,1
760,smm,0.687996,1
760,smmr,3.699821,1
760,strassen,9.078088,1
768,smm,0.709921,1
768,smmr,3.701167,1
768,strassen,9.186830,1
776,smm,0.732316,1
776,smmr,3.700859,1
776,strassen,9.187753,1
784,smm,0.756333,1
784,smmr,3.700980,1
784,strassen,9.077490,1
792,smm,0.778408,1
792,smmr,3.700060,1
792,strassen,9.190118,1
800,smm,0.802256,1
800,smmr,3.700870,1
800,strassen,9.080364,1
808,smm,0.826795,1
808,smmr,3.699947,1
808,strassen,9.079194,1
816,smm,0.852196,1
816,smmr,3.702330,1
816,strassen,9.186267,1
824,smm,0.876512,1
824,smmr,3.700474,1
824,strassen,9.197880,1
832,smm,0.902267,1
832,smmr,3.700413,1
832,strassen,9.078355,1
840,smm,0.928338,1
840,smmr,3.700537,1
840,strassen,9.189486,1
848,smm,0.956451,1
848,smmr,3.701484,1
848,strassen,9.189705,1
856,smm,0.982526,1
856,smmr,3.701667,1
856,strassen,9.189641,1
864,smm,1.010395,1
864,smmr,3.700780,1
864,strassen,9.187140,1
872,smm,1.038690,1
872,smmr,3.701341,1
872,strassen,9.186544,1
880,smm,1.067610,1
880,smmr,3.700195,1
880,strassen,9.080076,1
888,smm,1.096714,1
888,smmr,3.701410,1
888,strassen,9.188212,1
896,smm,1.126717,1
896,smmr,3.710583,1
896,strassen,9.188853,1
904,smm,1.156937,1
904,smmr,3.700152,1
904,strassen,9.160406,1
912,smm,1.188349,1
912,smmr,3.700783,1
912,strassen,9.186089,1
920,smm,1.219525,1
920,smmr,3.699591,1
920,strassen,9.080198,1
928,smm,1.251336,1
928,smmr,3.700710,1
928,strassen,9.186679,1
936,smm,1.284196,1
936,smmr,3.700130,1
936,strassen,9.082233,1
944,smm,1.317435,1
944,smmr,3.701083,1
944,strassen,9.081462,1
952,smm,1.351090,1
952,smmr,3.700128,1
952,strassen,9.189690,1
960,smm,1.385529,1
960,smmr,3.700822,1
960,strassen,9.197001,1
968,smm,1.420324,1
968,smmr,3.700974,1
968,strassen,9.188935,1
976,smm,1.455765,1
976,smmr,3.701083,1
976,strassen,9.189196,1
984,smm,1.491822,1
984,smmr,3.701723,1
984,strassen,9.188777,1
992,smm,1.528460,1
992,smmr,3.700036,1
992,strassen,9.188598,1
1000,smm,1.565696,1
1000,smmr,3.701660,1
1000,strassen,9.186540,1
1008,smm,1.603771,1
1008,smmr,3.700664,1
1008,strassen,9.079467,1
1016,smm,1.642209,1
1016,smmr,3.701493,1
1016,strassen,9.188968,1
1024,smm,1.683588,1
1024,smmr,3.700351,1
1024,strassen,9.188752,1
8,smm,0.000001,1
8,smmr,0.000003,1
8,strassen,0.000014,1
16,smm,0.000007,1
16,smmr,0.000016,1
16,strassen,0.000083,1
24,smm,0.000027,1
24,smmr,0.000123,1
24,strassen,0.000568,1
32,smm,0.000059,1
32,smmr,0.000122,1
32,strassen,0.000566,1
40,smm,0.000116,1
40,smmr,0.000933,1
40,strassen,0.003786,1
48,smm,0.000196,1
48,smmr,0.000926,1
48,strassen,0.003783,1
56,smm,0.000298,1
56,smmr,0.000901,1
56,strassen,0.003785,1
64,smm,0.000430,1
64,smmr,0.000900,1
64,strassen,0.003782,1
72,smm,0.000608,1
72,smmr,0.007223,1
72,strassen,0.026829,1
80,smm,0.000832,1
80,smmr,0.007241,1
80,strassen,0.026750,1
88,smm,0.001144,1
88,smmr,0.007262,1
88,strassen,0.026755,1
96,smm,0.001444,1
96,smmr,0.007265,1
96,strassen,0.026750,1
104,smm,0.001804,1
104,smmr,0.007201,1
104,strassen,0.026746,1
112,smm,0.002275,1
112,smmr,0.007227,1
112,strassen,0.026779,1
120,smm,0.002763,1
120,smmr,0.007202,1
120,strassen,0.026784,1
128,smm,0.003415,1
128,smmr,0.007469,1
128,strassen,0.026782,1
136,smm,0.004017,1
136,smmr,0.057683,1
136,strassen,0.188037,1
144,smm,0.004755,1
144,smmr,0.057668,1
144,strassen,0.187208,1
152,smm,0.005583,1
152,smmr,0.057601,1
152,strassen,0.187239,1
160,smm,0.006509,1
160,smmr,0.057974,1
160,strassen,0.187894,1
168,smm,0.007612,1
168,smmr,0.058344,1
168,strassen,0.189273,1
176,smm,0.008691,1
176,smmr,0.058695,1
176,strassen,0.188842,1
184,smm,0.009912,1
184,smmr,0.058359,1
184,strassen,0.188455,1
192,smm,0.011218,1
192,smmr,0.057624,1
192,strassen,0.187406,1
200,smm,0.012663,1
200,smmr,0.057647,1
200,strassen,0.187267,1
208,smm,0.014235,1
208,smmr,0.057675,1
208,strassen,0.187141,1
216,smm,0.015933,1
216,smmr,0.057633,1
216,strassen,0.187182,1
224,smm,0.017793,1
224,smmr,0.057698,1
224,strassen,0.187194,1
232,smm,0.019725,1
232,smmr,0.057622,1
232,strassen,0.187186,1
240,smm,0.021862,1
240,smmr,0.057791,1
240,strassen,0.185499,1
248,smm,0.024076,1
248,smmr,0.057670,1
248,strassen,0.185380,1
256,smm,0.026478,1
256,smmr,0.057587,1
256,strassen,0.185253,1
264,smm,0.029088,1
264,smmr,0.461712,1
264,strassen,1.300106,1
272,smm,0.031802,1
272,smmr,0.461694,1
272,strassen,1.304831,1
280,smm,0.034699,1
280,smmr,0.461719,1
280,strassen,1.302728,1
288,smm,0.037787,1
288,smmr,0.460818,1
288,strassen,1.302605,1
296,smm,0.040950,1
296,smmr,0.461368,1
296,strassen,1.303362,1
304,smm,0.044370,1
304,smmr,0.461266,1
304,strassen,1.310819,1
312,smm,0.047979,1
312,smmr,0.461547,1
312,strassen,1.296365,1
320,smm,0.051718,1
320,smmr,0.461337,1
320,strassen,1.304346,1
328,smm,0.055662,1
328,smmr,0.461588,1
328,strassen,1.295874,1
336,smm,0.059869,1
336,smmr,0.461185,1
336,strassen,1.304545,1
344,smm,0.064166,1
344,smmr,0.461662,1
344,strassen,1.311377,1
352,smm,0.068769,1
352,smmr,0.461717,1
352,strassen,1.304341,1
360,smm,0.073471,1
360,smmr,0.461283,1
360,strassen,1.304288,1
368,smm,0.078648,1
368,smmr,0.461122,1
368,strassen,1.305704,1
376,smm,0.083684,1
376,smmr,0.461222,1
376,strassen,1.301534,1
384,smm,0.089228,1
384,smmr,0.461830,1
384,strassen,1.304742,1
392,smm,0.094840,1
392,smmr,0.461218,1
392,strassen,1.301337,1
400,smm,0.100744,1
400,smmr,0.461329,1
400,strassen,1.301601,1
408,smm,0.106873,1
408,smmr,0.461057,1
408,strassen,1.311164,1
416,smm,0.113298,1
416,smmr,0.461284,1
416,strassen,1.305190,1
424,smm,0.119934,1
424,smmr,0.461569,1
424,strassen,1.311235,1
432,smm,0.126848,1
432,smmr,0.460977,1
432,strassen,1.311307,1
440,smm,0.133881,1
440,smmr,0.460842,1
440,strassen,1.311157,1
448,smm,0.141339,1
448,smmr,0.460930,1
448,strassen,1.301702,1
456,smm,0.149074,1
456,smmr,0.461118,1
456,strassen,1.311165,1
464,smm,0.156997,1
464,smmr,0.461149,1
464,strassen,1.296015,1
472,smm,0.165219,1
472,smmr,0.462093,1
472,strassen,1.311605,1
480,smm,0.173785,1
480,smmr,0.461054,1
480,strassen,1.307497,1
488,smm,0.182608,1
488,smmr,0.461478,1
488,strassen,1.301060,1
496,smm,0.191803,1
496,smmr,0.461624,1
496,strassen,1.295948,1
504,smm,0.201096,1
504,smmr,0.461199,1
504,strassen,1.295835,1
512,smm,0.210751,1
512,smmr,0.460914,1
512,strassen,1.295524,1
520,smm,0.220827,1
520,smmr,3.701909,1
520,strassen,9.179635,1
528,smm,0.231238,1
528,smmr,3.701954,1
528,strassen,9.179325,1
536,smm,0.241778,1
536,smmr,3.702952,1
536,strassen,9.073675,1
544,smm,0.252769,1
544,smmr,3.702053,1
544,strassen,9.182785,1
552,smm,0.264049,1
552,smmr,3.701436,1
552,strassen,9.187693,1
560,smm,0.276138,1
560,smmr,3.701241,1
560,strassen,9.179571,1
568,smm,0.287622,1
568,smmr,3.701725,1
568,strassen,9.180202,1
576,smm,0.299939,1
576,smmr,3.703692,1
576,strassen,9.180341,1
584,smm,0.312607,1
584,smmr,3.701541,1
584,strassen,9.078349,1
592,smm,0.325959,1
592,smmr,3.701253,1
592,strassen,9.180024,1
600,smm,0.338892,1
600,smmr,3.701416,1
600,strassen,9.071765,1
608,smm,0.352594,1
608,smmr,3.700829,1
608,strassen,9.180063,1
616,smm,0.366738,1
616,smmr,3.702001,1
616,strassen,9.179164,1
624,smm,0.381667,1
624,smmr,3.702661,1
624,strassen,9.093740,1
632,smm,0.395985,1
632,smmr,3.700876,1
632,strassen,9.179099,1
640,smm,0.411837,1
640,smmr,3.698027,1
640,strassen,9.180989,1
648,smm,0.426704,1
648,smmr,3.701565,1
648,strassen,9.179410,1
656,smm,0.443400,1
656,smmr,3.702497,1
656,strassen,9.178800,1
664,smm,0.459065,1
664,smmr,3.701395,1
664,strassen,9.075273,1
672,smm,0.475828,1
672,smmr,3.700600,1
672,strassen,9.178922,1
680,smm,0.493025,1
680,smmr,3.705467,1
680,strassen,9.098303,1
688,smm,0.511693,1
688,smmr,3.700248,1
688,strassen,9.077038,1
696,smm,0.528667,1
696,smmr,3.701048,1
696,strassen,9.187474,1
704,smm,0.547088,1
704,smmr,3.700954,1
704,strassen,9.142531,1
712,smm,0.565896,1
712,smmr,3.701533,1
712,strassen,9.179573,1
720,smm,0.585834,1
720,smmr,3.701355,1
720,strassen,9.179931,1
728,smm,0.604829,1
728,smmr,3.700131,1
728,strassen,9.084726,1
736,smm,0.624852,1
736,smmr,3.700679,1
736,strassen,9.071170,1
744,smm,0.645489,1
744,smmr,3.700997,1
744,strassen,9.071150,1
752,smm,0.667380,1
752,smmr,3.701387,1
752,strassen,9.144322,1
760,smm,0.688006,1
760,smmr,3.700605,1
760,strassen,9.179917,1
768,smm,0.709959,1
768,smmr,3.700214,1
768,strassen,9.082276,1
776,smm,0.732321,1
776,smmr,3.701008,1
776,strassen,9.179154,1
784,smm,0.756144,1
784,smmr,3.701336,1
784,strassen,9.179000,1
792,smm,0.778465,1
792,smmr,3.701885,1
792,strassen,9.180022,1
800,smm,0.802191,1
800,smmr,3.699994,1
800,strassen,9.074267,1
808,smm,0.826491,1
808,smmr,3.701521,1
808,strassen,9.178436,1
816,smm,0.852704,1
816,smmr,3.700467,1
816,strassen,9.073411,1
824,smm,0.876586,1
824,smmr,3.701418,1
824,strassen,9.180547,1
832,smm,0.902366,1
832,smmr,3.701832,1
832,strassen,9.178945,1
840,smm,0.928506,1
840,smmr,3.709895,1
840,strassen,9.142242,1
848,smm,0.955983,1
848,smmr,3.700825,1
848,strassen,9.178614,1
856,smm,0.982570,1
856,smmr,3.700650,1
856,strassen,9.180117,1
864,smm,1.010136,1
864,smmr,3.701575,1
864,strassen,9.180585,1
872,smm,1.038600,1
872,smmr,3.704488,1
872,strassen,9.181173,1
880,smm,1.067480,1
880,smmr,3.701730,1
880,strassen,9.180395,1
888,smm,1.096782,1
888,smmr,3.700492,1
888,strassen,9.180040,1
896,smm,1.126767,1
896,smmr,3.700152,1
896,strassen,9.122042,1
904,smm,1.157068,1
904,smmr,3.700268,1
904,strassen,9.186274,1
912,smm,1.188004,1
912,smmr,3.700427,1
912,strassen,9.178917,1
920,smm,1.219381,1
920,smmr,3.700699,1
920,strassen,9.072013,1
928,smm,1.251622,1
928,smmr,3.702498,1
928,strassen,9.136973,1
936,smm,1.284410,1
936,smmr,3.701955,1
936,strassen,9.181528,1
944,smm,1.317354,1
944,smmr,3.700104,1
944,strassen,9.178428,1
952,smm,1.351325,1
952,smmr,3.700982,1
952,strassen,9.179289,1
960,smm,1.385451,1
960,smmr,3.701481,1
960,strassen,9.160531,1
968,smm,1.420303,1
968,smmr,3.700251,1
968,strassen,9.073594,1
976,smm,1.455885,1
976,smmr,3.709525,1
976,strassen,9.180106,1
984,smm,1.491861,1
984,smmr,3.701193,1
984,strassen,9.179129,1
992,smm,1.528231,1
992,smmr,3.701591,1
992,strassen,9.180804,1
1000,smm,1.565777,1
1000,smmr,3.700654,1
1000,strassen,9.177886,1
1008,smm,1.603947,1
1008,smmr,3.700874,1
1008,strassen,9.178650,1
1016,smm,1.641948,1
1016,smmr,3.701564,1
1016,strassen,9.070719,1
1024,smm,1.685307,1
1024,smmr,3.700478,1
1024,strassen,9.180323,1
8,smm,0.000001,1
8,smmr,0.000003,1
8,strassen,0.000013,1
16,smm,0.000007,1
16,smmr,0.000015,1
16,strassen,0.000081,1
24,smm,0.000026,1
24,smmr,0.000118,1
24,strassen,0.000543,1
32,smm,0.000059,1
32,smmr,0.000114,1
32,strassen,0.000542,1
40,smm,0.000113,1
40,smmr,0.000905,1
40,strassen,0.003773,1
48,smm,0.000187,1
48,smmr,0.000903,1
48,strassen,0.003772,1
56,smm,0.000291,1
56,smmr,0.000901,1
56,strassen,0.003775,1
64,smm,0.000429,1
64,smmr,0.000900,1
64,strassen,0.003773,1
72,smm,0.000608,1
72,smmr,0.007214,1
72,strassen,0.026812,1
80,smm,0.000833,1
80,smmr,0.007218,1
80,strassen,0.026734,1
88,smm,0.001143,1
88,smmr,0.007230,1
88,strassen,0.026732,1
96,smm,0.001440,1
96,smmr,0.007297,1
96,strassen,0.026743,1
104,smm,0.001804,1
104,smmr,0.007227,1
104,strassen,0.026746,1
112,smm,0.002273,1
112,smmr,0.007201,1
112,strassen,0.026769,1
120,smm,0.002769,1
120,smmr,0.007200,1
120,strassen,0.026779,1
128,smm,0.003345,1
128,smmr,0.007195,1
128,strassen,0.026778,1
136,smm,0.004018,1
136,smmr,0.057841,1
136,strassen,0.187605,1
144,smm,0.004753,1
144,smmr,0.057634,1
144,strassen,0.187956,1
152,smm,0.005583,1
152,smmr,0.057637,1
152,strassen,0.187141,1
160,smm,0.006506,1
160,smmr,0.057628,1
160,strassen,0.187341,1
168,smm,0.007525,1
168,smmr,0.057638,1
168,strassen,0.187186,1
176,smm,0.008646,1
176,smmr,0.057624,1
176,strassen,0.187192,1
184,smm,0.009870,1
184,smmr,0.057794,1
184,strassen,0.187337,1
192,smm,0.011210,1
192,smmr,0.057657,1
192,strassen,0.187498,1
200,smm,0.012665,1
200,smmr,0.057666,1
200,strassen,0.187225,1
208,smm,0.014234,1
208,smmr,0.057707,1
208,strassen,0.187109,1
216,smm,0.015934,1
216,smmr,0.057600,1
216,strassen,0.187271,1
224,smm,0.017794,1
224,smmr,0.057725,1
224,strassen,0.187190,1
232,smm,0.019725,1
232,smmr,0.057627,1
232,strassen,0.187227,1
240,smm,0.021836,1
240,smmr,0.057630,1
240,strassen,0.187212,1
248,smm,0.024077,1
248,smmr,0.057654,1
248,strassen,0.187264,1
256,smm,0.026501,1
256,smmr,0.057600,1
256,strassen,0.187241,1
264,smm,0.029071,1
264,smmr,0.461885,1
264,strassen,1.311184,1
272,smm,0.031752,1
272,smmr,0.461563,1
272,strassen,1.303555,1
280,smm,0.034645,1
280,smmr,0.461628,1
280,strassen,1.303619,1
288,smm,0.037767,1
288,smmr,0.461479,1
288,strassen,1.304751,1
296,smm,0.041042,1
296,smmr,0.461444,1
296,strassen,1.303963,1
304,smm,0.044429,1
304,smmr,0.461784,1
304,strassen,1.311277,1
312,smm,0.047993,1
312,smmr,0.461426,1
312,strassen,1.303895,1
320,smm,0.051737,1
320,smmr,0.461367,1
320,strassen,1.295719,1
328,smm,0.055642,1
328,smmr,0.461476,1
328,strassen,1.311342,1
336,smm,0.059859,1
336,smmr,0.461485,1
336,strassen,1.315844,1
344,smm,0.064497,1
344,smmr,0.463713,1
344,strassen,1.311632,1
352,smm,0.068773,1
352,smmr,0.461458,1
352,strassen,1.306696,1
360,smm,0.073511,1
360,smmr,0.462085,1
360,strassen,1.317697,1
368,smm,0.078690,1
368,smmr,0.462500,1
368,strassen,1.302149,1
376,smm,0.083713,1
376,smmr,0.460988,1
376,strassen,1.305950,1
384,smm,0.089200,1
384,smmr,0.461229,1
384,strassen,1.302313,1
392,smm,0.094837,1
392,smmr,0.461348,1
392,strassen,1.301812,1
400,smm,0.100740,1
400,smmr,0.461557,1
400,strassen,1.295494,1
408,smm,0.106876,1
408,smmr,0.460999,1
408,strassen,1.295584,1
416,smm,0.113300,1
416,smmr,0.462161,1
416,strassen,1.305027,1
424,smm,0.119884,1
424,smmr,0.475254,1
424,strassen,1.316383,1
432,smm,0.126823,1
432,smmr,0.461822,1
432,strassen,1.305010,1
440,smm,0.134003,1
440,smmr,0.460928,1
440,strassen,1.311872,1
448,smm,0.141355,1
448,smmr,0.461354,1
448,strassen,1.295818,1
456,smm,0.149032,1
456,smmr,0.461047,1
456,strassen,1.311409,1
464,smm,0.156998,1
464,smmr,0.461151,1
464,strassen,1.311668,1
472,smm,0.165254,1
472,smmr,0.460942,1
472,strassen,1.311807,1
480,smm,0.173783,1
480,smmr,0.461152,1
480,strassen,1.301141,1
488,smm,0.182663,1
488,smmr,0.461645,1
488,strassen,1.312097,1
496,smm,0.191857,1
496,smmr,0.460916,1
496,strassen,1.301104,1
504,smm,0.201082,1
504,smmr,0.461392,1
504,strassen,1.311343,1
512,smm,0.210770,1
512,smmr,0.460674,1
512,strassen,1.295798,1
520,smm,0.220817,1
520,smmr,3.701129,1
520,strassen,9.140080,1
528,smm,0.231318,1
528,smmr,3.700743,1
528,strassen,9.072305,1
536,smm,0.241749,1
536,smmr,3.703551,1
536,strassen,9.076805,1
544,smm,0.252759,1
544,smmr,3.701591,1
544,strassen,9.073366,1
552,smm,0.264027,1
552,smmr,3.702187,1
552,strassen,9.179255,1
560,smm,0.276277,1
560,smmr,3.700699,1
560,strassen,9.186555,1
568,smm,0.288082,1
568,smmr,3.700851,1
568,strassen,9.179370,1
576,smm,0.299945,1
576,smmr,3.701090,1
576,strassen,9.179599,1
584,smm,0.312560,1
584,smmr,3.700814,1
584,strassen,9.073756,1
592,smm,0.326044,1
592,smmr,3.701949,1
592,strassen,9.178941,1
600,smm,0.338906,1
600,smmr,3.700382,1
600,strassen,9.180839,1
608,smm,0.352605,1
608,smmr,3.701268,1
608,strassen,9.181565,1
616,smm,0.366750,1
616,smmr,3.701552,1
616,strassen,9.071060,1
624,smm,0.381681,1
624,smmr,3.702213,1
624,strassen,9.179273,1
632,smm,0.395931,1
632,smmr,3.700824,1
632,strassen,9.179402,1
640,smm,0.411341,1
640,smmr,3.709153,1
640,strassen,9.070348,1
648,smm,0.426720,1
648,smmr,3.700635,1
648,strassen,9.181750,1
656,smm,0.443550,1
656,smmr,3.700672,1
656,strassen,9.182028,1
664,smm,0.459103,1
664,smmr,3.700853,1
664,strassen,9.179942,1
672,smm,0.475837,1
672,smmr,3.701234,1
672,strassen,9.070356,1
680,smm,0.493040,1
680,smmr,3.700724,1
680,strassen,9.182303,1
688,smm,0.511708,1
688,smmr,3.704350,1
688,strassen,9.072266,1
696,smm,0.528647,1
696,smmr,3.701363,1
696,strassen,9.145659,1
704,smm,0.547006,1
704,smmr,3.701270,1
704,strassen,9.180254,1
712,smm,0.567304,1
712,smmr,3.706730,1
712,strassen,9.179372,1
720,smm,0.585997,1
720,smmr,3.701654,1
720,strassen,9.179813,1
728,smm,0.604890,1
728,smmr,3.700673,1
728,strassen,9.180894,1
736,smm,0.624954,1
736,smmr,3.916031,1
736,strassen,9.332363,1
744,smm,0.646022,1
744,smmr,3.701290,1
744,strassen,9.109469,1
752,smm,0.667902,1
752,smmr,3.701592,1
752,strassen,9.181347,1
760,smm,0.687994,1
760,smmr,3.700018,1
760,strassen,9.181604,1
768,smm,0.709961,1
768,smmr,3.701415,1
768,strassen,9.179942,1
776,smm,0.732358,1
776,smmr,3.701193,1
776,strassen,9.187842,1
784,smm,0.756590,1
784,smmr,3.701105,1
784,strassen,9.071172,1
792,smm,0.778863,1
792,smmr,3.701396,1
792,strassen,9.071852,1
800,smm,0.802226,1
800,smmr,3.700282,1
800,strassen,9.181160,1
808,smm,0.826515,1
808,smmr,3.701644,1
808,strassen,9.073029,1
816,smm,0.853380,1
816,smmr,3.701460,1
816,strassen,9.179850,1
824,smm,0.876542,1
824,smmr,3.699917,1
824,strassen,9.179753,1
832,smm,0.902353,1
832,smmr,3.701140,1
832,strassen,9.142666,1
840,smm,0.928507,1
840,smmr,3.700857,1
840,strassen,9.073669,1
848,smm,0.955894,1
848,smmr,3.700946,1
848,strassen,9.187582,1
856,smm,0.982616,1
856,smmr,3.702358,1
856,strassen,9.110855,1
864,smm,1.010294,1
864,smmr,3.700971,1
864,strassen,9.181909,1
872,smm,1.038602,1
872,smmr,3.701183,1
872,strassen,9.179943,1
880,smm,1.067516,1
880,smmr,3.700501,1
880,strassen,9.179658,1
888,smm,1.096787,1
888,smmr,3.700324,1
888,strassen,9.074035,1
896,smm,1.126610,1
896,smmr,3.700115,1
896,strassen,9.179541,1
904,smm,1.157062,1
904,smmr,3.701525,1
904,strassen,9.070507,1
912,smm,1.188046,1
912,smmr,3.699810,1
912,strassen,9.179893,1
920,smm,1.219567,1
920,smmr,3.709118,1
920,strassen,9.073102,1
928,smm,1.251500,1
928,smmr,3.700937,1
928,strassen,9.136903,1
936,smm,1.284224,1
936,smmr,3.700496,1
936,strassen,9.178076,1
944,smm,1.317360,1
944,smmr,3.702227,1
944,strassen,9.179061,1
952,smm,1.351026,1
952,smmr,3.701613,1
952,strassen,9.071363,1
960,smm,1.385795,1
960,smmr,3.698786,1
960,strassen,9.178899,1
968,smm,1.420341,1
968,smmr,3.701132,1
968,strassen,9.187327,1
976,smm,1.455798,1
976,smmr,3.702141,1
976,strassen,9.178367,1
984,smm,1.491820,1
984,smmr,3.702325,1
984,strassen,9.069252,1
992,smm,1.528444,1
992,smmr,3.700841,1
992,strassen,9.178279,1
1000,smm,1.565779,1
1000,smmr,3.700632,1
1000,strassen,9.181502,1
1008,smm,1.603311,1
1008,smmr,3.701933,1
1008,strassen,9.070770,1
1016,smm,1.642006,1
1016,smmr,3.701831,1
1016,strassen,9.179833,1
1024,smm,1.685724,1
1024,smmr,3.701304,1
1024,strassen,9.072797,1
1024,smm,1.690404,1
1024,smmr,3.715626,1
1024,strassen,9.216352,1
2048,smm,29.957941,1
2048,smmr,30.928174,1
2048,strassen,64.680484,1
3072,smm,104.683762,1
3072,smmr,242.985598,1
3072,strassen,447.537937,0
4096,smm,419.003536,1
4096,smmr,242.754593,1
4096,strassen,450.237929,0
5120,smm,881.102514,1
5120,smmr,1941.057459,1
5120,strassen,3141.787766,0
6144,smm,1480.236868,1
6144,smmr,1941.840379,1
6144,strassen,3140.035463,0
7168,smm,2682.631932,1
7168,smmr,1940.573352,1
7168,strassen,3141.161995,0
8192,smm,4222.895320,1
8192,smmr,1940.393666,1
8192,strassen,3147.656511,0
1024,smm,1.687452,1
1024,smmr,3.699965,1
1024,strassen,9.184059,1
2048,smm,29.899305,1
2048,smmr,30.795362,1
2048,strassen,64.058041,1
3072,smm,103.008041,1
3072,smmr,242.600650,1
3072,strassen,448.286777,0
4096,smm,424.676790,1
4096,smmr,242.886442,1
4096,strassen,447.639522,0
5120,smm,879.974931,1
5120,smmr,1941.343578,1
5120,strassen,3144.506690,0
6144,smm,1482.977272,1
6144,smmr,1940.380047,1
6144,strassen,3141.952858,0
7168,smm,2670.949216,1
7168,smmr,1941.154134,1
7168,strassen,3138.921432,0
8192,smm,4210.507419,1
8192,smmr,1941.464392,1
8192,strassen,3144.913337,0
1024,smm,1.687323,1
1024,smmr,3.698649,1
1024,strassen,9.125983,1
2048,smm,30.191936,1
2048,smmr,30.906316,1
2048,strassen,64.595595,1
3072,smm,103.818200,1
3072,smmr,243.133695,1
3072,strassen,449.846204,0
4096,smm,417.847207,1
4096,smmr,242.709694,1
4096,strassen,445.546499,0
5120,smm,882.276905,1
5120,smmr,1942.719256,1
5120,strassen,3146.704046,0
6144,smm,1483.084910,1
6144,smmr,1940.824315,1
6144,strassen,3132.781361,0
7168,smm,2675.041825,1
7168,smmr,1943.460267,1
7168,strassen,3133.709180,0
8192,smm,4211.604151,1
8192,smmr,1941.421230,1
8192,strassen,3143.100659,0
1024,smm,1.688042,1
1024,smmr,3.700515,1
1024,strassen,9.187942,1
2048,smm,29.612155,1
2048,smmr,30.693136,1
2048,strassen,63.895663,1
3072,smm,103.661233,1
3072,smmr,242.547535,1
3072,strassen,450.379956,0
4096,smm,419.327116,1
4096,smmr,242.650809,1
4096,strassen,450.028147,0
5120,smm,878.123830,1
5120,smmr,1942.258375,1
5120,strassen,3135.993235,0
6144,smm,1484.435982,1
6144,smmr,1943.046696,1
6144,strassen,3152.141447,0
7168,smm,2672.092517,1
7168,smmr,1943.415410,1
7168,strassen,3149.495504,0
8192,smm,4199.932868,1
8192,smmr,1943.121962,1
8192,strassen,3147.185481,0
1024,smm,1.687364,1
1024,smmr,3.700814,1
1024,strassen,9.188243,1
2048,smm,29.801644,1
2048,smmr,30.691452,1
2048,strassen,64.389432,1
3072,smm,104.241971,1
3072,smmr,242.872121,1
3072,strassen,449.241437,0
4096,smm,419.274943,1
4096,smmr,242.489295,1
4096,strassen,447.935402,0
5120,smm,882.741598,1
5120,smmr,1941.533052,1
5120,strassen,3145.767226,0
6144,smm,1479.713045,1
6144,smmr,1940.517580,1
6144,strassen,3143.365716,0
7168,smm,2663.715646,1
7168,smmr,1942.435051,1
7168,strassen,3139.574861,0
8192,smm,4205.584068,1
8192,smmr,1941.919688,1
8192,strassen,3131.332945,0
